Type,Name,Request Count,Failure Count,Median Response Time,Average Response Time,Min Response Time,Max Response Time,Average Content Size,Requests/s,Failures/s,50%,66%,75%,80%,90%,95%,98%,99%,99.9%,99.99%,100%
POST,/api/myApp/data-analysis,845,0,72,74.15895917160411,65.65390000014304,120.7948999999644,836.0,14.23332738756457,0.0,72,74,75,76,80,87,100,110,120,120,120
POST,/api/myApp/risk-based-recommendations,906,0,140.0,146.55212030905278,133.93170000017562,189.1048999996201,440.0,15.260822027376923,0.0,140,150,150,150,160,160,180,180,190,190,190
POST,/api/myApp/user-input-collection,919,0,76,78.98706430902413,69.41649999998845,544.1652999998041,190.0,15.479796294877918,0.0,76,78,79,80,84,93,110,110,540,540,540
,Aggregated,2670,0,78,100.38563805243481,65.65390000014304,544.1652999998041,479.2771535580524,44.97394570981941,0.0,78,130,140,140,150,150,160,170,190,540,540
